Metric,Result
difference_metric,0.13196967542171478
loss,0.0005208937800489366
mae,0.015961118042469025
mape,266903.71875
mse,0.0005208937800489366
r2_score,-118.34850311279297
rmse,0.15891873836517334
