Metric,Result
difference_metric,0.12954087555408478
loss,0.01480239350348711
mae,0.01480239350348711
mape,362994.5
mse,0.00046074215788394213
r2_score,-115.23422241210938
rmse,0.15609054267406464
